{
"__comment":"Made by Know2Good, part of the 'Default 3D™' resource pack || Official download page: http://www.planetminecraft.com/texture_pack/default-3d-2985741/ || © 2014 Know2Good. All rights reserved. ",
"ambientocclusion": false,
"textures": {
	"block": "blocks/flower_oxeye_daisy",
    "flowerpot": "blocks/flower_pot",
    "dirt": "blocks/farmland_wet",
	"particle": "blocks/flower_pot"
},
"elements":[
	{
		"type":"cube", //Stem
		"from": [7.5,4.5,7.5],
		"to": [8.5,11.5,8.5],
		"rotation": {"origin": [ 8, 1, 8 ], "axis": "y", "angle": 0 },
		"faces": {
			"down":{"uv":[7,15,8,16],"texture":"#block","cullface":"Know2Good"},
			"up":{"uv":[7,9,8,10],"texture":"#block","cullface":"Know2Good"},
			"north":{"uv":[7,9,8,16],"texture":"#block","cullface":"Know2Good"},
			"south":{"uv":[7,9,8,16],"texture":"#block","cullface":"Know2Good"},
			"west":{"uv":[7,9,8,16],"texture":"#block","cullface":"Know2Good"},
			"east":{"uv":[7,9,8,16],"texture":"#block","cullface":"Know2Good"}
		}
	},
	{
		"type":"cube", //Stem north
		"from": [7.5,10.5,6.5],
		"to": [8.5,11.5,7.5],
		"rotation": {"origin": [ 8, 1, 8 ], "axis": "y", "angle": 0 },
		"faces": {
			"down":{"uv":[8,9,9,10],"texture":"#block","cullface":"Know2Good"},
			"up":{"uv":[8,9,9,10],"texture":"#block","cullface":"Know2Good"},
			"north":{"uv":[8,9,9,10],"texture":"#block","cullface":"Know2Good"},
			"west":{"uv":[8,9,9,10],"texture":"#block","cullface":"Know2Good"},
			"east":{"uv":[8,9,9,10],"texture":"#block","cullface":"Know2Good"}
		}
	},
	{
		"type":"cube", //Stem west
		"from": [6.5,10.5,7.5],
		"to": [7.5,11.5,8.5],
		"rotation": {"origin": [ 8, 1, 8 ], "axis": "y", "angle": 0 },
		"faces": {
			"down":{"uv":[8,9,9,10],"texture":"#block","cullface":"Know2Good"},
			"up":{"uv":[8,9,9,10],"texture":"#block","cullface":"Know2Good"},
			"north":{"uv":[8,9,9,10],"texture":"#block","cullface":"Know2Good"},
			"south":{"uv":[8,9,9,10],"texture":"#block","cullface":"Know2Good"},
			"west":{"uv":[8,9,9,10],"texture":"#block","cullface":"Know2Good"}
		}
	},
	{
		"type":"cube", //Leaf north 1
		"from": [7.5,5.5,6.5],
		"to": [8.5,7.5,7.5],
		"rotation": {"origin": [ 8, 1, 8 ], "axis": "y", "angle": 0 },
		"faces": {
			"down":{"uv":[8,14,9,15],"texture":"#block","cullface":"Know2Good"},
			"up":{"uv":[8,13,9,14],"texture":"#block","cullface":"Know2Good"},
			"north":{"uv":[8,13,9,15],"texture":"#block","cullface":"Know2Good"},
			"west":{"uv":[8,13,9,15],"texture":"#block","cullface":"Know2Good"},
			"east":{"uv":[8,13,9,15],"texture":"#block","cullface":"Know2Good"}
		}
	},
	{
		"type":"cube", //Leaf north 2
		"from": [7.5,7.5,5.5],
		"to": [8.5,8.5,6.5],
		"rotation": {"origin": [ 8, 1, 8 ], "axis": "y", "angle": 0 },
		"faces": {
			"down":{"uv":[9,12,10,13],"texture":"#block","cullface":"Know2Good"},
			"up":{"uv":[9,12,10,13],"texture":"#block","cullface":"Know2Good"},
			"north":{"uv":[9,12,10,13],"texture":"#block","cullface":"Know2Good"},
			"south":{"uv":[9,12,10,13],"texture":"#block","cullface":"Know2Good"},
			"west":{"uv":[9,12,10,13],"texture":"#block","cullface":"Know2Good"},
			"east":{"uv":[9,12,10,13],"texture":"#block","cullface":"Know2Good"}
		}
	},
	{
		"type":"cube", //Leaf east 1
		"from": [8.5,7.5,7.5],
		"to": [9.5,9.5,8.5],
		"rotation": {"origin": [ 8, 1, 8 ], "axis": "y", "angle": 0 },
		"faces": {
			"down":{"uv":[6,12,7,13],"texture":"#block","cullface":"Know2Good"},
			"up":{"uv":[6,11,7,12],"texture":"#block","cullface":"Know2Good"},
			"north":{"uv":[6,11,7,13],"texture":"#block","cullface":"Know2Good"},
			"south":{"uv":[6,11,7,13],"texture":"#block","cullface":"Know2Good"},
			"east":{"uv":[6,11,7,13],"texture":"#block","cullface":"Know2Good"}
		}
	},
	{
		"type":"cube", //Leaf east 2
		"from": [9.5,8.5,7.5],
		"to": [10.5,9.5,8.5],
		"rotation": {"origin": [ 8, 1, 8 ], "axis": "y", "angle": 0 },
		"faces": {
			"down":{"uv":[5,11,6,12],"texture":"#block","cullface":"Know2Good"},
			"up":{"uv":[5,11,6,12],"texture":"#block","cullface":"Know2Good"},
			"north":{"uv":[5,11,6,12],"texture":"#block","cullface":"Know2Good"},
			"south":{"uv":[5,11,6,12],"texture":"#block","cullface":"Know2Good"},
			"east":{"uv":[5,11,6,12],"texture":"#block","cullface":"Know2Good"}
		}
	},
	{
		"type":"cube", //Leaf south 1
		"from": [7.5,7.5,8.5],
		"to": [8.5,9.5,9.5],
		"rotation": {"origin": [ 8, 1, 8 ], "axis": "y", "angle": 0 },
		"faces": {
			"down":{"uv":[6,12,7,13],"texture":"#block","cullface":"Know2Good"},
			"up":{"uv":[6,11,7,12],"texture":"#block","cullface":"Know2Good"},
			"south":{"uv":[6,11,7,13],"texture":"#block","cullface":"Know2Good"},
			"west":{"uv":[6,11,7,13],"texture":"#block","cullface":"Know2Good"},
			"east":{"uv":[6,11,7,13],"texture":"#block","cullface":"Know2Good"}
		}
	},
	{
		"type":"cube", //Leaf south 2
		"from": [7.5,8.5,9.5],
		"to": [8.5,9.5,10.5],
		"rotation": {"origin": [ 8, 1, 8 ], "axis": "y", "angle": 0 },
		"faces": {
			"down":{"uv":[5,11,6,12],"texture":"#block","cullface":"Know2Good"},
			"up":{"uv":[5,11,6,12],"texture":"#block","cullface":"Know2Good"},
			"south":{"uv":[5,11,6,12],"texture":"#block","cullface":"Know2Good"},
			"west":{"uv":[5,11,6,12],"texture":"#block","cullface":"Know2Good"},
			"east":{"uv":[5,11,6,12],"texture":"#block","cullface":"Know2Good"}
		}
	},
	{
		"type":"cube", //Leaf west 1
		"from": [6.5,5.5,7.5],
		"to": [7.5,7.5,8.5],
		"rotation": {"origin": [ 8, 1, 8 ], "axis": "y", "angle": 0 },
		"faces": {
			"down":{"uv":[8,14,9,15],"texture":"#block","cullface":"Know2Good"},
			"up":{"uv":[8,13,9,14],"texture":"#block","cullface":"Know2Good"},
			"north":{"uv":[8,13,9,15],"texture":"#block","cullface":"Know2Good"},
			"south":{"uv":[8,13,9,15],"texture":"#block","cullface":"Know2Good"},
			"west":{"uv":[8,13,9,15],"texture":"#block","cullface":"Know2Good"}
		}
	},
	{
		"type":"cube", //Leaf west 2
		"from": [5.5,7.5,7.5],
		"to": [6.5,8.5,8.5],
		"rotation": {"origin": [ 8, 1, 8 ], "axis": "y", "angle": 0 },
		"faces": {
			"down":{"uv":[9,12,10,13],"texture":"#block","cullface":"Know2Good"},
			"up":{"uv":[9,12,10,13],"texture":"#block","cullface":"Know2Good"},
			"north":{"uv":[9,12,10,13],"texture":"#block","cullface":"Know2Good"},
			"south":{"uv":[9,12,10,13],"texture":"#block","cullface":"Know2Good"},
			"west":{"uv":[9,12,10,13],"texture":"#block","cullface":"Know2Good"},
			"east":{"uv":[9,12,10,13],"texture":"#block","cullface":"Know2Good"}
		}
	},
	{
		"type":"cube", //Stigma
		"from": [7.5,11.5,7.5],
		"to": [8.5,12.75,8.5],
		"rotation": {"origin": [ 8, 1, 8 ], "axis": "y", "angle": 0 },
		"faces": {
			"down":{"uv":[7,5,8,6],"texture":"#block","cullface":"Know2Good"},
			"up":{"uv":[7,5,8,6],"texture":"#block","cullface":"Know2Good"},
			"north":{"uv":[7,5,8,6],"texture":"#block","cullface":"Know2Good"},
			"south":{"uv":[7,5,8,6],"texture":"#block","cullface":"Know2Good"},
			"west":{"uv":[7,5,8,6],"texture":"#block","cullface":"Know2Good"},
			"east":{"uv":[7,5,8,6],"texture":"#block","cullface":"Know2Good"}
		}
	},
	{
		"type":"cube", //Stigma north
		"from": [7.5,11.5,6.5],
		"to": [8.5,12.5,7.5],
		"rotation": {"origin": [ 8, 1, 8 ], "axis": "y", "angle": 0 },
		"faces": {
			"down":{"uv":[7,3,8,4],"texture":"#block","cullface":"Know2Good"},
			"up":{"uv":[6,4,7,5],"texture":"#block","cullface":"Know2Good"},
			"north":{"uv":[7,3,8,4],"texture":"#block","cullface":"Know2Good"},
			"west":{"uv":[7,3,8,4],"texture":"#block","cullface":"Know2Good"},
			"east":{"uv":[7,3,8,4],"texture":"#block","cullface":"Know2Good"}
		}
	},
	{
		"type":"cube", //Stigma east
		"from": [8.5,11.5,7.5],
		"to": [9.5,12.5,8.5],
		"rotation": {"origin": [ 8, 1, 8 ], "axis": "y", "angle": 0 },
		"faces": {
			"down":{"uv":[7,3,8,4],"texture":"#block","cullface":"Know2Good"},
			"up":{"uv":[6,4,7,5],"texture":"#block","cullface":"Know2Good"},
			"north":{"uv":[7,3,8,4],"texture":"#block","cullface":"Know2Good"},
			"south":{"uv":[7,3,8,4],"texture":"#block","cullface":"Know2Good"},
			"east":{"uv":[7,3,8,4],"texture":"#block","cullface":"Know2Good"}
		}
	},
	{
		"type":"cube", //Stigma south
		"from": [7.5,11.5,8.5],
		"to": [8.5,12.5,9.5],
		"rotation": {"origin": [ 8, 1, 8 ], "axis": "y", "angle": 0 },
		"faces": {
			"down":{"uv":[7,3,8,4],"texture":"#block","cullface":"Know2Good"},
			"up":{"uv":[6,4,7,5],"texture":"#block","cullface":"Know2Good"},
			"south":{"uv":[7,3,8,4],"texture":"#block","cullface":"Know2Good"},
			"west":{"uv":[7,3,8,4],"texture":"#block","cullface":"Know2Good"},
			"east":{"uv":[7,3,8,4],"texture":"#block","cullface":"Know2Good"}
		}
	},
	{
		"type":"cube", //Stigma west
		"from": [6.5,11.5,7.5],
		"to": [7.5,12.5,8.5],
		"rotation": {"origin": [ 8, 1, 8 ], "axis": "y", "angle": 0 },
		"faces": {
			"down":{"uv":[7,3,8,4],"texture":"#block","cullface":"Know2Good"},
			"up":{"uv":[6,4,7,5],"texture":"#block","cullface":"Know2Good"},
			"north":{"uv":[7,3,8,4],"texture":"#block","cullface":"Know2Good"},
			"south":{"uv":[7,3,8,4],"texture":"#block","cullface":"Know2Good"},
			"west":{"uv":[7,3,8,4],"texture":"#block","cullface":"Know2Good"}
		}
	},
	{
		"type":"cube", //Petal north
		"from": [7.5,12,5.5],
		"to": [8.5,13.25,6.5],
		"rotation": {"origin": [ 8, 1, 8 ], "axis": "y", "angle": 0 },
		"faces": {
			"down":{"uv":[7,3,8,4],"texture":"#block","cullface":"Know2Good"},
			"up":{"uv":[7,3,8,4],"texture":"#block","cullface":"Know2Good"},
			"north":{"uv":[7,3,8,4],"texture":"#block","cullface":"Know2Good"},
			"south":{"uv":[7,3,8,4],"texture":"#block","cullface":"Know2Good"},
			"west":{"uv":[7,3,8,4],"texture":"#block","cullface":"Know2Good"},
			"east":{"uv":[7,3,8,4],"texture":"#block","cullface":"Know2Good"}
		}
	},
	{
		"type":"cube", //Petal north-east
		"from": [8.5,12,6.5],
		"to": [9.5,13,7.5],
		"rotation": {"origin": [ 8, 1, 8 ], "axis": "y", "angle": 0 },
		"faces": {
			"down":{"uv":[7,2,8,3],"texture":"#block","cullface":"Know2Good"},
			"up":{"uv":[7,2,8,3],"texture":"#block","cullface":"Know2Good"},
			"north":{"uv":[7,2,8,3],"texture":"#block","cullface":"Know2Good"},
			"south":{"uv":[7,2,8,3],"texture":"#block","cullface":"Know2Good"},
			"west":{"uv":[7,2,8,3],"texture":"#block","cullface":"Know2Good"},
			"east":{"uv":[7,2,8,3],"texture":"#block","cullface":"Know2Good"}
		}
	},
	{
		"type":"cube", //Petal east
		"from": [9.5,12,7.5],
		"to": [10.5,13.25,8.5],
		"rotation": {"origin": [ 8, 1, 8 ], "axis": "y", "angle": 0 },
		"faces": {
			"down":{"uv":[5,4,6,5],"texture":"#block","cullface":"Know2Good"},
			"up":{"uv":[5,4,6,5],"texture":"#block","cullface":"Know2Good"},
			"north":{"uv":[5,4,6,5],"texture":"#block","cullface":"Know2Good"},
			"south":{"uv":[5,4,6,5],"texture":"#block","cullface":"Know2Good"},
			"west":{"uv":[5,4,6,5],"texture":"#block","cullface":"Know2Good"},
			"east":{"uv":[5,4,6,5],"texture":"#block","cullface":"Know2Good"}
		}
	},
	{
		"type":"cube", //Petal south-east
		"from": [8.5,12,8.5],
		"to": [9.5,13,9.5],
		"rotation": {"origin": [ 8, 1, 8 ], "axis": "y", "angle": 0 },
		"faces": {
			"down":{"uv":[7,2,8,3],"texture":"#block","cullface":"Know2Good"},
			"up":{"uv":[7,2,8,3],"texture":"#block","cullface":"Know2Good"},
			"north":{"uv":[7,2,8,3],"texture":"#block","cullface":"Know2Good"},
			"south":{"uv":[7,2,8,3],"texture":"#block","cullface":"Know2Good"},
			"west":{"uv":[7,2,8,3],"texture":"#block","cullface":"Know2Good"},
			"east":{"uv":[7,2,8,3],"texture":"#block","cullface":"Know2Good"}
		}
	},
	{
		"type":"cube", //Petal south
		"from": [7.5,12,9.5],
		"to": [8.5,13.25,10.5],
		"rotation": {"origin": [ 8, 1, 8 ], "axis": "y", "angle": 0 },
		"faces": {
			"down":{"uv":[5,3,6,4],"texture":"#block","cullface":"Know2Good"},
			"up":{"uv":[5,3,6,4],"texture":"#block","cullface":"Know2Good"},
			"north":{"uv":[5,3,6,4],"texture":"#block","cullface":"Know2Good"},
			"south":{"uv":[5,3,6,4],"texture":"#block","cullface":"Know2Good"},
			"west":{"uv":[5,3,6,4],"texture":"#block","cullface":"Know2Good"},
			"east":{"uv":[5,3,6,4],"texture":"#block","cullface":"Know2Good"}
		}
	},
	{
		"type":"cube", //Petal south-west
		"from": [6.5,12,8.5],
		"to": [7.5,13,9.5],
		"rotation": {"origin": [ 8, 1, 8 ], "axis": "y", "angle": 0 },
		"faces": {
			"down":{"uv":[7,2,8,3],"texture":"#block","cullface":"Know2Good"},
			"up":{"uv":[7,2,8,3],"texture":"#block","cullface":"Know2Good"},
			"north":{"uv":[7,2,8,3],"texture":"#block","cullface":"Know2Good"},
			"south":{"uv":[7,2,8,3],"texture":"#block","cullface":"Know2Good"},
			"west":{"uv":[7,2,8,3],"texture":"#block","cullface":"Know2Good"},
			"east":{"uv":[7,2,8,3],"texture":"#block","cullface":"Know2Good"}
		}
	},
	{
		"type":"cube", //Petal west
		"from": [5.5,12,7.5],
		"to": [6.5,13.25,8.5],
		"rotation": {"origin": [ 8, 1, 8 ], "axis": "y", "angle": 0 },
		"faces": {
			"down":{"uv":[5,4,6,5],"texture":"#block","cullface":"Know2Good"},
			"up":{"uv":[5,4,6,5],"texture":"#block","cullface":"Know2Good"},
			"north":{"uv":[5,4,6,5],"texture":"#block","cullface":"Know2Good"},
			"south":{"uv":[5,4,6,5],"texture":"#block","cullface":"Know2Good"},
			"west":{"uv":[5,4,6,5],"texture":"#block","cullface":"Know2Good"},
			"east":{"uv":[5,4,6,5],"texture":"#block","cullface":"Know2Good"}
		}
	},
	{
		"type":"cube", //Petal north-west
		"from": [6.5,12,6.5],
		"to": [7.5,13,7.5],
		"rotation": {"origin": [ 8, 1, 8 ], "axis": "y", "angle": 0 },
		"faces": {
			"down":{"uv":[7,2,8,3],"texture":"#block","cullface":"Know2Good"},
			"up":{"uv":[7,2,8,3],"texture":"#block","cullface":"Know2Good"},
			"north":{"uv":[7,2,8,3],"texture":"#block","cullface":"Know2Good"},
			"south":{"uv":[7,2,8,3],"texture":"#block","cullface":"Know2Good"},
			"west":{"uv":[7,2,8,3],"texture":"#block","cullface":"Know2Good"},
			"east":{"uv":[7,2,8,3],"texture":"#block","cullface":"Know2Good"}
		}
	},
	{
		"type":"cube", //North
		"from":[6,0,5],
		"to":[10,6,6],
		"rotation": {"origin": [ 8, 1, 8 ], "axis": "y", "angle": 0 },
		"faces": {
			"down":{"uv":[6,10,10,11],"texture":"#flowerpot","cullface":"down"},
			"up":{"uv":[6,5,10,6],"texture":"#flowerpot","cullface":"Know2Good"},
			"north":{"uv":[6,10,10,16],"texture":"#flowerpot","cullface":"Know2Good"},
			"south":{"uv":[6,10,10,16],"texture":"#flowerpot","cullface":"Know2Good"}
		}
	},
	{
		"type":"cube", //West
		"from":[5,0,5],
		"to":[6,6,11],
		"rotation": {"origin": [ 8, 1, 8 ], "axis": "y", "angle": 0 },
		"faces": {
			"down":{"uv":[5,5,6,11],"texture":"#flowerpot","cullface":"down"},
			"up":{"uv":[5,5,6,11],"texture":"#flowerpot","cullface":"Know2Good"},
			"north":{"uv":[10,10,11,16],"texture":"#flowerpot","cullface":"Know2Good"},
			"south":{"uv":[5,10,6,16],"texture":"#flowerpot","cullface":"Know2Good"},
			"west":{"uv":[5,10,11,16],"texture":"#flowerpot","cullface":"Know2Good"},
			"east":{"uv":[5,10,11,16],"texture":"#flowerpot","cullface":"Know2Good"}
		}
	},
	{
		"type":"cube", //South
		"from":[6,0,10],
		"to":[10,6,11],
		"rotation": {"origin": [ 8, 1, 8 ], "axis": "y", "angle": 0 },
		"faces": {
			"down":{"uv":[6,5,10,6],"texture":"#flowerpot","cullface":"down"},
			"up":{"uv":[6,10,10,11],"texture":"#flowerpot","cullface":"Know2Good"},
			"north":{"uv":[6,10,10,16],"texture":"#flowerpot","cullface":"Know2Good"},
			"south":{"uv":[6,10,10,16],"texture":"#flowerpot","cullface":"Know2Good"}
		}
	},
	{
		"type":"cube", //East
		"from":[10,0,5],
		"to":[11,6,11],
		"rotation": {"origin": [ 8, 1, 8 ], "axis": "y", "angle": 0 },
		"faces": {
			"down":{"uv":[10,5,11,11],"texture":"#flowerpot","cullface":"down"},
			"up":{"uv":[10,5,11,11],"texture":"#flowerpot","cullface":"Know2Good"},
			"north":{"uv":[5,10,6,11],"texture":"#flowerpot","cullface":"Know2Good"},
			"south":{"uv":[10,10,11,16],"texture":"#flowerpot","cullface":"Know2Good"},
			"west":{"uv":[5,10,11,16],"texture":"#flowerpot","cullface":"Know2Good"},
			"east":{"uv":[5,10,11,16],"texture":"#flowerpot","cullface":"Know2Good"}
		}
	},
	{
		"type":"cube", //Dirt
		"from":[6,0,6],
		"to":[10,4,10],
		"rotation": {"origin": [ 8, 1, 8 ], "axis": "y", "angle": 0 },
		"faces": {
			"down":{"uv":[6,6,10,10],"texture":"#dirt","flowerpot":"down"},
			"up":{"uv":[6,6,10,10],"texture":"#dirt","cullface":"Know2Good"}
		}
	}
],
"display": {
	"thirdperson": {
		"rotation": [ 0, 45, 1 ],
		"translation": [ 0, 0.5, 0 ],
		"scale": [ 1.1, 1.1, 1.1 ]
	},
	"firstperson": {
		"rotation": [ 0, 0, 0 ],
		"translation": [ 0, 0, 0 ],
		"scale": [ 1, 1, 1 ]
	},
	"gui": {
		"rotation": [ 0, 0, 0 ],
		"translation": [ 0, 0, 0 ],
		"scale": [ 1, 1, 1 ]
	}
}
}