{
"__comment":"Made by Know2Good, part of the 'Default 3D™' resource pack || Official download page: http://www.planetminecraft.com/texture_pack/default-3d-2985741/ || © 2014 Know2Good. All rights reserved. ",
"textures": {
	"block": "blocks/planks_acacia",
	"particle":"blocks/planks_acacia"
},
"elements":[
	{
		"type":"cube", //Top plank 1
		"from":[0.0001,8,0.0001],
		"to":[14.9999,8.8,2.9999],
		"rotation": {"origin": [ 8, 1, 8 ], "axis": "y", "angle": 0 },
		"faces": {
			"up":{"uv":[0,0,15,3],"texture":"#block","cullface":"up"},
			"down":{"uv":[0,3,15,0],"texture":"#block","cullface":"up"},
			"north":{"uv":[0,0,15,1],"texture":"#block","cullface":"up","rotation":180},
			"south":{"uv":[0,2,15,3],"texture":"#block","cullface":"up"},
			"west":{"uv":[0,0,1,3],"texture":"#block","cullface":"up","rotation":90},
			"east":{"uv":[14,0,15,3],"texture":"#block","cullface":"up","rotation":90}
		}
	},
	{
		"type":"cube", //Top plank 2.1
		"from":[0.0001,8,4.0001],
		"to":[6.9999,8.60,6.9999],
		"rotation": {"origin": [ 8, 1, 8 ], "axis": "y", "angle": 0 },
		"faces": {
			"up":{"uv":[0,4,7,7],"texture":"#block","cullface":"up"},
			"down":{"uv":[0,7,7,4],"texture":"#block","cullface":"up"},
			"north":{"uv":[0,4,7,5],"texture":"#block","cullface":"up","rotation":180},
			"south":{"uv":[0,6,7,7],"texture":"#block","cullface":"up"},
			"west":{"uv":[0,4,1,7],"texture":"#block","cullface":"up","rotation":90},
			"east":{"uv":[6,4,7,7],"texture":"#block","cullface":"up","rotation":90}
		}
	},
	{
		"type":"cube", //Top plank 2.2
		"from":[8.0001,8,4.0001],
		"to":[15.9999,8.60,6.9999],
		"rotation": {"origin": [ 8, 1, 8 ], "axis": "y", "angle": 0 },
		"faces": {
			"up":{"uv":[8,4,16,7],"texture":"#block","cullface":"up"},
			"down":{"uv":[8,7,16,4],"texture":"#block","cullface":"up"},
			"north":{"uv":[8,4,16,5],"texture":"#block","cullface":"up","rotation":180},
			"south":{"uv":[8,6,16,7],"texture":"#block","cullface":"up"},
			"west":{"uv":[8,4,9,7],"texture":"#block","cullface":"up","rotation":270},
			"east":{"uv":[15,4,16,7],"texture":"#block","cullface":"up","rotation":90}
		}
	},
	{
		"type":"cube", //Top plank 3
		"from":[0.0001,8,8.0001],
		"to":[14.9999,8.77,10.9999],
		"rotation": {"origin": [ 8, 1, 8 ], "axis": "y", "angle": 0 },
		"faces": {
			"up":{"uv":[0,8,15,11],"texture":"#block","cullface":"up"},
			"down":{"uv":[0,11,15,8],"texture":"#block","cullface":"up"},
			"north":{"uv":[0,8,15,9],"texture":"#block","cullface":"up","rotation":180},
			"south":{"uv":[0,10,15,11],"texture":"#block","cullface":"up"},
			"west":{"uv":[0,8,1,11],"texture":"#block","cullface":"up","rotation":90},
			"east":{"uv":[14,8,15,11],"texture":"#block","cullface":"up","rotation":90}
		}
	},
	{
		"type":"cube", //Top plank 4.1
		"from":[0.0001,8,12.0001],
		"to":[6.9999,8.73,14.9999],
		"rotation": {"origin": [ 8, 1, 8 ], "axis": "y", "angle": 0 },
		"faces": {
			"up":{"uv":[0,12,7,15],"texture":"#block","cullface":"up"},
			"down":{"uv":[0,15,7,12],"texture":"#block","cullface":"up"},
			"north":{"uv":[0,12,7,13],"texture":"#block","cullface":"up","rotation":180},
			"south":{"uv":[0,14,7,15],"texture":"#block","cullface":"up"},
			"west":{"uv":[0,12,1,15],"texture":"#block","cullface":"up","rotation":90},
			"east":{"uv":[6,12,7,15],"texture":"#block","cullface":"up","rotation":90}
		}
	},
	{
		"type":"cube", //Top plank 4.2
		"from":[8.0001,8,12.0001],
		"to":[15.9999,8.73,14.9999],
		"rotation": {"origin": [ 8, 1, 8 ], "axis": "y", "angle": 0 },
		"faces": {
			"up":{"uv":[8,12,16,15],"texture":"#block","cullface":"up"},
			"down":{"uv":[8,15,16,12],"texture":"#block","cullface":"up"},
			"north":{"uv":[8,12,16,13],"texture":"#block","cullface":"up","rotation":180},
			"south":{"uv":[8,14,16,15],"texture":"#block","cullface":"up"},
			"west":{"uv":[8,12,9,15],"texture":"#block","cullface":"up","rotation":270},
			"east":{"uv":[15,12,16,15],"texture":"#block","cullface":"up","rotation":90}
		}
	}
],
"display": {
	"thirdperson": {
		"rotation": [ 45, 90, 270 ],
		"translation": [ 0, 0.44, -4 ],
		"scale": [ 0.75, 0.75, 0.75 ]
	},
	"firstperson": {
		"rotation": [ 0, 0, 0 ],
		"translation": [ 3.5, 0, 0 ],
		"scale": [ 1.25, 1.25, 1.25 ]
	},
	"gui": {
		"rotation": [ 0, 0, 0 ],
		"translation": [ 0, -1, 0 ],
		"scale": [ 1, 1, 1 ]
	}
}
}