{
"__comment":"Made by Know2Good, part of the 'Default 3D™' resource pack || Official download page: http://www.planetminecraft.com/texture_pack/default-3d-2985741/ || © Know2Good. All rights reserved. ",
"__comment":"No UV-bleed, OK coordinate, OK texture, OK cullface",
"textures": {
	"wood": "blocks/planks_acacia",
	"frame": "blocks/itemframe_background",
	"particle":"blocks/planks_acacia"
},
"elements":[
	{
		"type":"cube", //The inner block
		"from":[3,3,15.5],
		"to":[13,13,16],
		"rotation": {"origin": [ 8, 1, 8 ], "axis": "y", "angle": 0 },
		"faces": {
			"north":{"uv":	[3.01,3.01,12.99,12.99],"texture":"#frame","cullface":"Know2Good"},
			"south":{"uv":	[3.01,3.01,12.99,12.99],"texture":"#frame","cullface":"south"}
		}
	},
	{
		"type":"cube", //Top
		"from":[2,13,15],
		"to":[14,14,16],
		"rotation": {"origin": [ 8, 1, 8 ], "axis": "y", "angle": 0 },
		"faces": {
			"down":{"uv":	[2.01,2.01,13.99,2.99],"texture":"#wood","cullface":"Know2Good"},
			"up":{"uv":		[2.01,2.01,13.99,2.99],"texture":"#wood","cullface":"Know2Good"},
			"north":{"uv":	[2.01,2.01,13.99,2.99],"texture":"#wood","cullface":"Know2Good","rotation":180},
			"south":{"uv":	[2.01,2.01,13.99,2.99],"texture":"#wood","cullface":"Know2Good"},
			"west":{"uv":	[13.01,2.01,13.99,2.99],"texture":"#wood","cullface":"Know2Good","rotation":90},
			"east":{"uv":	[2.01,2.01,2.99,2.99],"texture":"#wood","cullface":"Know2Good","rotation":270}
		}
	},
	{
		"type":"cube", //Right
		"from":[2,3,15],
		"to":[3,13,16],
		"rotation": {"origin": [ 8, 1, 8 ], "axis": "y", "angle": 0 },
		"faces": {
			"down":{"uv":	[13.01,12.01,13.99,12.99],"texture":"#wood","cullface":"Know2Good"},
			"up":{"uv":		[13.01,3.01,13.99,3.99],"texture":"#wood","cullface":"Know2Good"},
			"north":{"uv":	[13.01,3.01,13.99,12.99],"texture":"#wood","cullface":"Know2Good"},
			"south":{"uv":	[13.01,3.01,13.99,12.99],"texture":"#wood","cullface":"Know2Good"},
			"west":{"uv":	[13.01,3.01,13.99,12.99],"texture":"#wood","cullface":"Know2Good"},
			"east":{"uv":	[13.01,3.01,13.99,12.99],"texture":"#wood","cullface":"Know2Good"}
		}
	},
	{
		"type":"cube", //Left
		"from":[13,3,15],
		"to":[14,13,16],
		"rotation": {"origin": [ 8, 1, 8 ], "axis": "y", "angle": 0 },
		"faces": {
			"down":{"uv":	[2.01,12.01,2.99,12.99],"texture":"#wood","cullface":"Know2Good"},
			"up":{"uv":		[2.01,3.01,2.99,3.99],"texture":"#wood","cullface":"Know2Good"},
			"north":{"uv":	[2.01,3.01,2.99,12.99],"texture":"#wood","cullface":"Know2Good"},
			"south":{"uv":	[2.01,3.01,2.99,12.99],"texture":"#wood","cullface":"Know2Good"},
			"west":{"uv":	[2.01,3.01,2.99,12.99],"texture":"#wood","cullface":"Know2Good"},
			"east":{"uv":	[2.01,3.01,2.99,12.99],"texture":"#wood","cullface":"Know2Good"}
		}
	},
	{
		"type":"cube", //Bottom
		"from":[2,2,15],
		"to":[14,3,16],
		"rotation": {"origin": [ 8, 1, 8 ], "axis": "y", "angle": 0 },
		"faces": {
			"down":{"uv":	[2.01,13.01,13.99,13.99],"texture":"#wood","cullface":"Know2Good"},
			"up":{"uv":		[2.01,13.01,13.99,13.99],"texture":"#wood","cullface":"Know2Good"},
			"north":{"uv":	[2.01,13.01,13.99,13.99],"texture":"#wood","cullface":"Know2Good","rotation":180},
			"south":{"uv":	[2.01,13.01,13.99,13.99],"texture":"#wood","cullface":"Know2Good"},
			"west":{"uv":	[13.01,13.01,13.99,13.99],"texture":"#wood","cullface":"Know2Good","rotation":90},
			"east":{"uv":	[2.01,13.01,2.99,13.99],"texture":"#wood","cullface":"Know2Good","rotation":270}
		}
	}
],
"display": {
    "ground": {
        "rotation": [ 0, 0, 0 ],
        "translation": [ 0, 0, 0 ],
        "scale": [ 1.5, 1.5, 1.5 ]
    },
	"thirdperson": {
		"rotation": [ 0, 90, -91 ],
		"translation": [ -2, 2.5, 0 ],
		"scale": [ 0.6, 0.6, 0.6 ]
	},
	"firstperson": {
		"rotation": [ 0, 90, 0 ],
		"translation": [ 0, 0, 0 ],
		"scale": [ 1.25, 1.25, 1.25 ]
	},
	"gui": {
		"rotation": [ 0, 0, 0 ],
		"translation": [ -3.2, -3, -3.2 ],
		"scale": [ 1.6, 1.6, 1.6 ]
	}
}
}