{
"__comment":"Made by Know2Good, part of the 'Default 3D™' resource pack || Official download page: http://www.planetminecraft.com/texture_pack/default-3d-2985741/ || © 2014 Know2Good. All rights reserved. ",
"textures": {
	"detail": "blocks/wool_colored_white",
	"color": "blocks/wool_colored_blue"
},
"elements":[
	{
		"type":"cube", //Front Sight
		"from": [10.75,7.75,7.3],
		"to": [11.249,8,7.7],
		"rotation": {"origin": [ 8, 1, 8 ], "axis": "y", "angle": 0 },
		"faces": {
			"up":{"uv":[4,9,5,10],"texture":"#color","cullface":"Know2Good"},
			"down":{"uv":[4,9,5,10],"texture":"#color","cullface":"Know2Good"},
			"north":{"uv":[4,9,5,10],"texture":"#color","cullface":"Know2Good"},
			"south":{"uv":[4,9,5,10],"texture":"#color","cullface":"Know2Good"},
			"west":{"uv":[4,9,5,10],"texture":"#color","cullface":"Know2Good"},
			"east":{"uv":[4,9,5,10],"texture":"#color","cullface":"Know2Good"}
		}
	},
	{
		"type":"cube", //Rear Sight
		"from": [4.251,7.75,7.3],
		"to": [4.75,8,7.7],
		"rotation": {"origin": [ 8, 1, 8 ], "axis": "y", "angle": 0 },
		"faces": {
			"up":{"uv":[4,9,5,10],"texture":"#detail","cullface":"Know2Good"},
			"down":{"uv":[4,9,5,10],"texture":"#detail","cullface":"Know2Good"},
			"north":{"uv":[4,9,5,10],"texture":"#detail","cullface":"Know2Good"},
			"south":{"uv":[4,9,5,10],"texture":"#detail","cullface":"Know2Good"},
			"west":{"uv":[4,9,5,10],"texture":"#detail","cullface":"Know2Good"},
			"east":{"uv":[4,9,5,10],"texture":"#detail","cullface":"Know2Good"}
		}
	},
	{
		"type":"cube", //Slide top
		"from": [4.251,7.5,7],
		"to": [11.249,7.75,8],
		"rotation": {"origin": [ 8, 1, 8 ], "axis": "y", "angle": 0 },
		"faces": {
			"up":{"uv":[4,6,11,7],"texture":"#detail","cullface":"Know2Good"},
			"down":{"uv":[4,6,11,7],"texture":"#detail","cullface":"Know2Good"},
			"north":{"uv":[4,6,11,7],"texture":"#detail","cullface":"Know2Good","rotation": 180},
			"south":{"uv":[4,6,11,7],"texture":"#detail","cullface":"Know2Good"},
			"west":{"uv":[4,6,5,7],"texture":"#detail","cullface":"Know2Good"},
			"east":{"uv":[10,6,11,7],"texture":"#detail","cullface":"Know2Good"}
		}
	},
	{
		"type":"cube", //Slide left
		"from": [4.251,6.75,6.8],
		"to": [11.249,7.75,7],
		"rotation": {"origin": [ 8, 1, 8 ], "axis": "y", "angle": 0 },
		"faces": {
			"up":{"uv":[4,6,11,7],"texture":"#detail","cullface":"Know2Good"},
			"down":{"uv":[4,6,11,7],"texture":"#detail","cullface":"Know2Good"},
			"north":{"uv":[4,6,11,7],"texture":"#detail","cullface":"Know2Good","rotation": 180},
			"south":{"uv":[4,6,11,7],"texture":"#detail","cullface":"Know2Good"},
			"west":{"uv":[4,6,5,7],"texture":"#detail","cullface":"Know2Good"},
			"east":{"uv":[10,6,11,7],"texture":"#detail","cullface":"Know2Good"}
		}
	},
	{
		"type":"cube", //Slide right
		"from": [4.251,6.75,8],
		"to": [11.249,7.75,8.2],
		"rotation": {"origin": [ 8, 1, 8 ], "axis": "y", "angle": 0 },
		"faces": {
			"up":{"uv":[4,6,11,7],"texture":"#detail","cullface":"Know2Good"},
			"down":{"uv":[4,6,11,7],"texture":"#detail","cullface":"Know2Good"},
			"north":{"uv":[4,6,11,7],"texture":"#detail","cullface":"Know2Good","rotation": 180},
			"south":{"uv":[4,6,11,7],"texture":"#detail","cullface":"Know2Good"},
			"west":{"uv":[4,6,5,7],"texture":"#detail","cullface":"Know2Good"},
			"east":{"uv":[10,6,11,7],"texture":"#detail","cullface":"Know2Good"}
		}
	},
	{
		"type":"cube", //Barrel top
		"from": [4.5,7,7],
		"to": [11.5,7.5,8],
		"rotation": {"origin": [ 8, 1, 8 ], "axis": "y", "angle": 0 },
		"faces": {
			"up":{"uv":[4,6,11,7],"texture":"#color","cullface":"Know2Good"},
			"north":{"uv":[4,6,11,7],"texture":"#color","cullface":"Know2Good","rotation": 180},
			"south":{"uv":[4,6,11,7],"texture":"#color","cullface":"Know2Good"},
			"west":{"uv":[4,6,5,7],"texture":"#color","cullface":"Know2Good"},
			"east":{"uv":[10,6,11,7],"texture":"#color","cullface":"Know2Good"}
		}
	},
	{
		"type":"cube", //Barrel bottom
		"from": [4.5,6,7],
		"to": [11.5,7,8],
		"rotation": {"origin": [ 8, 1, 8 ], "axis": "y", "angle": 0 },
		"faces": {
			"down":{"uv":[4,7,11,8],"texture":"#color","cullface":"Know2Good"},
			"north":{"uv":[4,7,11,8],"texture":"#color","cullface":"Know2Good","rotation": 180},
			"south":{"uv":[4,7,11,8],"texture":"#color","cullface":"Know2Good"},
			"west":{"uv":[4,7,5,8],"texture":"#color","cullface":"Know2Good"},
			"east":{"uv":[11,7,11,8],"texture":"#color","cullface":"Know2Good"}
		}
	},
	{
		"type":"cube", //Muzzle
		"from": [11.5,6.7,7.2],
		"to": [12,7.3,7.8],
		"rotation": {"origin": [ 8, 1, 8 ], "axis": "y", "angle": 0 },
		"faces": {
			"up":{"uv":[4,9,5,10],"texture":"#detail","cullface":"Know2Good"},
			"down":{"uv":[4,9,5,10],"texture":"#detail","cullface":"Know2Good"},
			"north":{"uv":[4,9,5,10],"texture":"#detail","cullface":"Know2Good"},
			"south":{"uv":[4,9,5,10],"texture":"#detail","cullface":"Know2Good"},
			"west":{"uv":[4,9,5,10],"texture":"#detail","cullface":"Know2Good"},
			"east":{"uv":[4,9,5,10],"texture":"#detail","cullface":"Know2Good"}
		}
	},
	{
		"type":"cube", //Hammer
		"from": [4,6.5,7.2],
		"to": [4.5,6.7,7.8],
		"rotation": {"origin": [ 8, 1, 8 ], "axis": "y", "angle": 0 },
		"faces": {
			"up":{"uv":[4,9,5,10],"texture":"#detail","cullface":"Know2Good"},
			"down":{"uv":[4,9,5,10],"texture":"#detail","cullface":"Know2Good"},
			"north":{"uv":[4,9,5,10],"texture":"#detail","cullface":"Know2Good"},
			"south":{"uv":[4,9,5,10],"texture":"#detail","cullface":"Know2Good"},
			"west":{"uv":[4,9,5,10],"texture":"#detail","cullface":"Know2Good"},
			"east":{"uv":[4,9,5,10],"texture":"#detail","cullface":"Know2Good"}
		}
	},
	{
		"type":"cube", //Hammer Pad
		"from": [4.3,6.7,7.2],
		"to": [4.5,7.2,7.8],
		"rotation": {"origin": [ 8, 1, 8 ], "axis": "y", "angle": 0 },
		"faces": {
			"up":{"uv":[4,9,5,10],"texture":"#detail","cullface":"Know2Good"},
			"down":{"uv":[4,9,5,10],"texture":"#detail","cullface":"Know2Good"},
			"north":{"uv":[4,9,5,10],"texture":"#detail","cullface":"Know2Good"},
			"south":{"uv":[4,9,5,10],"texture":"#detail","cullface":"Know2Good"},
			"west":{"uv":[4,9,5,10],"texture":"#detail","cullface":"Know2Good"},
			"east":{"uv":[4,9,5,10],"texture":"#detail","cullface":"Know2Good"}
		}
	},
	{
		"type":"cube", //Trigger
		"from": [7.1,5.5,7],
		"to": [7.5,6,8],
		"rotation": {"origin": [ 8, 1, 8 ], "axis": "y", "angle": 0 },
		"faces": {
			"down":{"uv":[4,9,5,10],"texture":"#detail","cullface":"Know2Good"},
			"north":{"uv":[4,9,5,10],"texture":"#detail","cullface":"Know2Good"},
			"south":{"uv":[4,9,5,10],"texture":"#detail","cullface":"Know2Good"},
			"west":{"uv":[4,9,5,10],"texture":"#detail","cullface":"Know2Good"},
			"east":{"uv":[4,9,5,10],"texture":"#detail","cullface":"Know2Good"}
		}
	},
	{
		"type":"cube", //Trigger guard front
		"from": [8,5,7],
		"to": [8.5,6,8],
		"rotation": {"origin": [ 8, 1, 8 ], "axis": "y", "angle": 0 },
		"faces": {
			"down":{"uv":[4,9,5,10],"texture":"#color","cullface":"Know2Good"},
			"north":{"uv":[4,9,5,10],"texture":"#color","cullface":"Know2Good"},
			"south":{"uv":[4,9,5,10],"texture":"#color","cullface":"Know2Good"},
			"west":{"uv":[4,9,5,10],"texture":"#color","cullface":"Know2Good"},
			"east":{"uv":[4,9,5,10],"texture":"#color","cullface":"Know2Good"}
		}
	},
	{
		"type":"cube", //Trigger guard bottom
		"from": [7,4.5,7],
		"to": [8,5,8],
		"rotation": {"origin": [ 8, 1, 8 ], "axis": "y", "angle": 0 },
		"faces": {
			"up":{"uv":[4,9,5,10],"texture":"#color","cullface":"Know2Good"},
			"down":{"uv":[4,9,5,10],"texture":"#color","cullface":"Know2Good"},
			"north":{"uv":[4,9,5,10],"texture":"#color","cullface":"Know2Good"},
			"south":{"uv":[4,9,5,10],"texture":"#color","cullface":"Know2Good"},
			"east":{"uv":[4,9,5,10],"texture":"#color","cullface":"Know2Good"}
		}
	},
	{
		"type":"cube", //Handle
		"from": [5,3,7],
		"to": [7,6,8],
		"rotation": {"origin": [ 8, 1, 8 ], "axis": "y", "angle": 0 },
		"faces": {
			"up":{"uv":[4,3,6,4],"texture":"#color","cullface":"Know2Good"},
			"down":{"uv":[4,5,6,6],"texture":"#color","cullface":"Know2Good"},
			"north":{"uv":[4,3,6,6],"texture":"#color","cullface":"Know2Good"},
			"south":{"uv":[6,3,4,6],"texture":"#color","cullface":"Know2Good"},
			"west":{"uv":[4,3,6,6],"texture":"#color","cullface":"Know2Good"},
			"east":{"uv":[4,3,6,6],"texture":"#color","cullface":"Know2Good"}
		}
	},
	{
		"type":"cube", //Handle Detail top
		"from": [5.5,5,6.8],
		"to": [6.5,5.5,8.2],
		"rotation": {"origin": [ 8, 1, 8 ], "axis": "y", "angle": 0 },
		"faces": {
			"up":{"uv":[14,8,15,9],"texture":"#detail","cullface":"Know2Good"},
			"down":{"uv":[14,8,15,9],"texture":"#detail","cullface":"Know2Good"},
			"north":{"uv":[14,8,15,9],"texture":"#detail","cullface":"Know2Good"},
			"south":{"uv":[14,8,15,9],"texture":"#detail","cullface":"Know2Good"},
			"west":{"uv":[14,8,15,9],"texture":"#detail","cullface":"Know2Good"},
			"east":{"uv":[14,8,15,9],"texture":"#detail","cullface":"Know2Good"}
		}
	},
	{
		"type":"cube", //Handle Detail bottom
		"from": [5.5,3.001,6.8],
		"to": [6.5,5,8.2],
		"rotation": {"origin": [ 8, 1, 8 ], "axis": "y", "angle": 0 },
		"faces": {
			"up":{"uv":[14,9,15,10],"texture":"#detail","cullface":"Know2Good"},
			"down":{"uv":[14,10,15,11],"texture":"#detail","cullface":"Know2Good"},
			"north":{"uv":[14,9,15,11],"texture":"#detail","cullface":"Know2Good"},
			"south":{"uv":[14,9,15,11],"texture":"#detail","cullface":"Know2Good"},
			"west":{"uv":[14,9,15,11],"texture":"#detail","cullface":"Know2Good"},
			"east":{"uv":[14,9,15,11],"texture":"#detail","cullface":"Know2Good"}
		}
	},
	{
		"type":"cube", //Magazine
		"from": [5.2,2.8,7.2],
		"to": [6.8,3,7.8],
		"rotation": {"origin": [ 8, 1, 8 ], "axis": "y", "angle": 0 },
		"faces": {
			"down":{"uv":[14,10,15,11],"texture":"#detail","cullface":"Know2Good"},
			"north":{"uv":[14,10,15,11],"texture":"#detail","cullface":"Know2Good"},
			"south":{"uv":[14,10,15,11],"texture":"#detail","cullface":"Know2Good"},
			"west":{"uv":[14,10,15,11],"texture":"#detail","cullface":"Know2Good"},
			"east":{"uv":[14,10,15,11],"texture":"#detail","cullface":"Know2Good"}
		}
	}
],
"display": {
    "thirdperson": {
        "rotation": [ 0, -90, 90 ],
        "translation": [ -0.5, 1.6, -3.5 ],
        "scale": [ 1.2, 1.2, 1.2 ]
	},
    "firstperson": {
        "rotation": [ 0, 35, 25 ],
        "translation": [ 0, 3.5, 2 ],
        "scale": [ 2, 2, 2 ]
	},
	"gui": {
		"rotation": [ 0, 0, 0 ],
		"translation": [ 0.5, 3, 0 ],
		"scale": [ 3.5, 3.5, 3.5 ]
	}
}
}